Player_ID,Player Name
2601,Aamer Hameed
2602,Aamer Hanif
1068,Aamer Malik
4480,Aamer Yamin
1259,Aamir Nazir
1653,Aamir Sohail
0869,Aaqib Javed
4808,Aarif Sheikh
3916,"Aaron, V R"
2603,"Ababu, J"
4002,"Abbott, K J"
4331,"Abbott, S A"
3503,Abdul Jabbar
1408,Abdul Qadir
2191,Abdul Razzaq
3200,Abdul Rehman
4450,Abdul Shakoor
3827,Abdullah Mazari
3526,Abdur Rauf
3180,Abdur Razzak
3446,Abdur Rehman
4992,Abid Ali
0006,"Abid Ali, S"
2604,"Abrahams, S"
4515,Abu Hider
4738,Abu Jayed
3965,Abul Hasan
5089,"Adair, M R"
2963,"Adams, A R"
2198,"Adams, C J"
0009,"Adams, J C"
2044,"Adams, P R"
3040,Adeel Raja
3835,Adnan Akmal
4640,Adnan Mufti
4245,Afsar Zazai
3224,Aftab Ahmed
3762,Aftab Alam
3190,Afzaal Haider
3223,"Aga, R G"
4224,"Agar, A C"
2159,"Agarkar, A B"
0012,"Agnew, J P"
0013,"Ahangama, F S"
4539,"Ahmed, K K"
2605,Ahmed Kamal
4258,Ahmed Raza
3726,Ahmed Shah
3675,Ahmed Shehzad
3869,Ahsan Malik
3218,Aijaz Ali
4809,"Airee, D S"
3890,Aizaz Cheema
4275,Aizaz Khan
3765,Ajmal Shahzad
2606,Akhtar Sarfraz
2237,Akram Khan
1445,Akram Raza
2238,Al Sahariar Rokon
2607,Alam Talukdar
4247,Al-Amin Hossain
3570,Alawi Shukri
0032,"Alderman, T M"
3913,"Aldridge, G W"
3211,"Alexander, R P"
4271,"Ali, M M"
2608,"Ali, R W"
3201,Ali Asad
5021,Ali Khan
3891,"Allan, D I"
4826,"Allen, F A"
2609,"Alleyne, M W"
2610,"Allingham, M J D"
2049,"Allott, G I"
0058,"Allott, P J W"
3031,Alok Kapali
0060,"Amalean, K N"
3571,Aman Ali
0063,"Amarnath, M"
0064,"Amarnath, S"
4702,"Ambris, S W"
0065,"Ambrose, C E L"
3534,"Ambrose, T R"
3466,"Amerasinghe, M K D"
4346,"Amini, C J A"
4350,"Amini, C R"
2236,Aminul Islam
2611,Aminul Islam Jnr
3935,Amir Hamza
4727,Amir Hayat
0068,"Amiss, D L"
3553,Amjad Ali
3554,Amjad Javed
3236,"Amla, H M"
0069,"Amre, P K"
3979,Anamul Haque
3983,"Anderson, C J"
4327,"Anderson, J"
3065,"Anderson, J M"
0071,"Anderson, R W"
2612,"Angara, J O"
0076,"Angel, J"
2614,Anisur Rehman
0078,"Ankola, S A"
4301,Ankur Sharma
4418,"Ansari, Z S"
4351,Anshuman Rath
2615,"Anthony, H A G"
0079,"Anurasiri, S D"
3695,Anwar Ali
3062,Anwar Hossain
3052,Anwar Hossain Monir
2616,"Aponso, G J A"
4580,"Aponso, M A"
4500,Aqib Ilyas
4267,Arafat Sunny
4777,"Archer, J C"
4735,Ariful Haque
0092,"Arnold, G G"
2098,"Arnold, R P"
0094,"Arnott, K J"
3193,Arshad Ali
0107,Arshad Ayub
2121,Arshad Khan
2617,Arshad Laeeq
2618,Arshad Pervez
0095,"Arthurton, K L T"
0096,"Arun, B"
0970,Arun Lal
4218,Asad Ali
3798,Asad Shafiq
3667,Asghar Afghan
3198,Asghar Ali
1994,Ashfaq Ahmed
4721,Ashfaq Ahmed
0037,Ashraf Ali
3788,"Ashwin, R"
4747,Asif Ali
0842,Asif Iqbal
4490,Asif Iqbal
2619,Asif Mahmood
1101,Asif Masood
1231,Asif Mujtaba
2620,Asim Butt
3192,Asim Saeed
2046,"Astle, N J"
3978,"Astle, T D"
5022,"Atai, S"
0100,"Atapattu, M S"
1799,Ata-Ur-Rehman
2621,Athar Ali Khan
0101,"Atherton, M A"
0102,"Athey, C W J"
2214,Atiq-Uz-Zaman
3560,"Atkinson , J J"
2622,"Austin, I D"
0106,"Austin, R A"
0108,"Azad, K"
2070,Azam Khan
0684,Azeem Hafeez
3816,Azhar Ali
2623,Azhar Hossain
2113,Azhar Mahmood
2624,Azhar Saeed
0109,"Azharuddin, M"
1430,Azmat Rana
5023,"Baard, S J"
4425,Babar Azam
4277,Babar Hayat
0110,"Bacchus, S F A"
2086,"Bacher, A M"
2625,"Badani, H K"
3608,"Badrinath, S"
3079,"Bagai, A"
2626,"Bahutule, S V"
3578,"Baidwan, H S"
3929,"Bailey, G J"
2627,"Bailey, M D"
0116,"Bailey, R J"
0118,"Bairstow, D L"
3900,"Bairstow, J M"
3627,"Baker, L S"
2628,"Bakker, P"
2629,"Baksh, S"
3057,"Balaji, L"
3613,"Balaji Rao, W D"
3809,"Balbirnie, A"
4568,"Ball, J T"
4234,"Ballance, G S"
2144,"Bandara, C M"
4564,"Bandara, K M C"
2143,"Bandarathilake, M R C"
0124,"Banerjee, S T"
2999,"Bangar, S B"
3115,"Banks, O A C"
0129,"Baptiste, E A E"
3739,"Barath, A B"
0137,"Barlow, G D"
3359,"Barnett, G E F"
0144,"Barnett, K J"
3807,"Barresi, W"
3575,"Bascombe, O"
3489,"Basden, D M"
0038,Basit Ali
3479,"Bastiampillai, T C"
3934,"Bates, M D"
3064,"Batty, G J"
3555,"Batuwitarachchi, I P P"
4602,"Bau, D"
4528,"Bau, S"
3113,"Baugh, C S"
4370,"Bavuma, T"
3230,Bazid Khan
0158,"Beard, G R"
4718,"Beaton, R R"
2630,"Bedade, A C"
0161,"Bedi, B S"
3951,"Behardien, F"
4705,"Behrendorff, J P"
3207,"Bell, I R"
2163,"Bell, M D"
1997,"Benjamin, J E"
0168,"Benjamin, K C G"
0169,"Benjamin, W K M"
2631,"Benkenstein, D M"
3543,"Benn, S J"
3829,"Bennett, H K"
0170,"Bennett, M J"
0171,"Benson, M R"
4360,"Berenger, A R"
3112,"Bernard, D E"
3592,"Berrington, R D"
0173,"Best, C A"
3114,"Best, T L"
2002,"Bevan, M G"
2632,"Bhandari, A"
4283,"Bhandari, B"
4813,"Bhandari, L S"
2188,"Bhardwaj, R Vijay"
3876,"Bhatti, R A"
3360,"Bhatti, U"
3620,"Bhudia, R L"
2633,Bhupinder Singh
2089,"Bichel, A J"
0177,"Bicknell, M P"
4481,Bilal Asif
4498,Bilal Khan
4250,Bilawal Bhatti
3080,"Billcliff, I S"
4428,"Billings, S W"
0181,"Binny, R M H"
4089,"Binny, S T R"
5024,"Birkenstock, K"
3852,"Bishoo, D"
2634,"Bishop, G A"
0185,"Bishop, I R"
2250,"Black, M I"
3045,"Blackwell, I D"
4312,"Blackwood, J"
2635,"Blain, J A R"
0190,"Blain, T E"
2636,"Blair, B R"
3226,"Blake, D L"
3660,"Blakeney, G"
0192,"Blakey, R J"
2013,"Blewett, G S"
2637,"Blignaut, A M"
3497,"Bodi, G H"
2210,"Boje, N"
4511,"Boland, S M"
3631,"Bollinger, D E"
2996,"Bond, S E"
0204,"Boock, S L"
0205,"Boon, D C"
3460,"Bopara, R S"
3428,"Borden, D C"
0209,"Border, A R"
3409,"Borren, P W"
3882,"Borthwick, S G"
0211,"Bosch, T"
2638,"Bose, G"
3436,"Bosman, L L"
2639,"Boteju, J W H"
3382,"Botha, A C"
3329,"Botha, J"
0212,"Botham, I T"
2116,"Boucher, M V"
3924,"Boult, T A"
0217,"Boyce, K D"
0218,"Boycott, G"
0220,"Bracewell, B P"
3911,"Bracewell, D A J"
0221,"Bracewell, J G"
2640,"Bracken, N W"
0222,"Bradburn, G E"
3174,"Bradshaw, I D R"
0226,"Brain, D H"
0227,"Brandes, E A"
3908,"Brathwaite, C R"
3863,"Brathwaite, K C"
3166,"Bravo, D J J"
3703,"Bravo, D M"
3383,"Bray, J P"
0230,"Brearley, J M"
2194,"Brent, G B"
3396,"Bresnan, T T"
0233,"Briant, G A"
3940,"Briggs, D R"
0235,"Bright, R J"
2641,"Brinkley, J E"
3715,"Britton, S A"
0237,"Broad, B C"
3434,"Broad, S C J"
3634,"Broom, N T"
2642,"Brown, A D"
3005,"Brown, D"
2643,"Brown, D R"
2644,"Brown, R D"
0249,"Brown, V R"
2645,"Browne, B S"
2020,"Browne, C O"
3523,"Browne, P A"
3840,"Brownlie, D G"
1982,"Bruk-Jackson, G K"
2646,"Bryan, H R"
2647,"Bryson, R E"
4788,"Budge, D E"
2648,"Bulfin, C E"
4062,"Bumrah, J J"
3070,"Burger, A J"
3075,"Burger, L J"
3094,"Burger, S F"
0256,"Burgess, M G"
4645,"Burl, R P"
0261,"Burmester, M G"
4369,"Burns, J A"
2018,"Butchart, I P"
0265,"Butcher, A R"
0267,"Butcher, R O"
3290,"Butler, D C"
3011,"Butler, I G"
3563,"Butt, K H"
3888,"Buttler, J C"
3483,"Buurman, A F"
0278,"Caddick, A R"
0279,"Cairns, B L"
0280,"Cairns, C L"
2649,"Callaghan, D J"
0282,"Callen, I W"
2650,"Callender, R G"
4725,"Cameron, S J"
4927,"Cameron-Dow, J"
0289,"Campbell, A D R"
0290,"Campbell, G D"
4840,"Campbell, J D"
3007,"Campbell, R J"
2015,"Campbell, S L"
3366,"Cann, L O B"
3155,"Canning, T K"
2651,"Cantrell, P E"
0292,"Capel, D J"
3774,"Carberry, M A"
4726,"Carey, A T"
2016,"Carlisle, S V"
0296,"Carlson, P H"
3458,"Carroll, K E D"
4489,"Carter, C"
4373,"Carter, J L"
4005,"Carter, N M"
4621,"Cartwright, H W R"
3490,"Celestine, J J"
4063,"Chahal, Y S"
4557,"Chahar, D L"
3622,"Chakabva, R W"
3706,"Chalmers, S J"
4380,"Chameera, P V D"
2177,"Chandana, U D U"
1979,"Chanderpaul, S"
3779,"Chandimal, L D"
0307,"Chandrasekhar, B S"
2652,"Chandrasekhar, V B"
4278,"Chapman, M S"
2653,"Chappell, C J D"
0311,"Chappell, G S"
0312,"Chappell, I M"
0313,"Chappell, T M"
3394,"Chapple, G"
4336,"Chari, B B"
3903,"Charles, J"
4375,"Chase, P K D"
4570,"Chase, R L"
3792,"Chatara, T L"
0317,"Chatfield, E J"
3358,"Chattergoon, S"
2654,"Chatterjee, U"
0319,"Chauhan, C P S"
0320,"Chauhan, R K"
3351,"Chawla, P P"
3182,"Cheruparambil, M"
3320,"Chibhabha, C J"
3167,"Chigumbura, E"
4227,"Chinouya, M T"
4660,Chirag Suri
4483,"Chisoro, T S"
2212,"Chopra, N"
3766,"Christian, D T"
4603,"Christie, K"
2655,"Chudasama, D N"
3081,"Chumney, D R"
3326,"Clark, S R"
0332,"Clark, W M"
3067,"Clarke, M J"
2656,"Clarke, N E"
3123,"Clarke, R"
0334,"Clarke, S T"
0337,"Close, D B"
3082,"Codrington, A"
3377,"Codrington, G R"
3607,"Coetzer, K J"
4220,"Coleman, F R J"
0342,"Colley, D J"
0343,"Collinge, R O"
2973,"Collingwood, P D"
2172,"Collins, P T"
2180,"Collymore, C D"
2657,"Coman, P G"
0348,"Coney, J V"
0349,"Congdon, B E"
3582,"Connell, P"
0351,"Connolly, A N"
3349,"Cook, A N"
0357,"Cook, G"
0358,"Cook, N G B"
0359,"Cook, S J"
4231,"Cooper, B N"
3794,"Cooper, T L W"
0363,"Cope, G A"
2024,"Cork, D G"
3357,"Cosgrove, M J"
0367,"Cosier, G J"
4249,"Cottrell, S S"
4001,"Coulter-Nile, N M"
3128,"Coventry, C K"
0373,"Cowans, N G"
0374,"Cowdrey, C S"
0375,"Cowdrey, M C"
3732,"Crandon, R T"
1996,"Crawley, J P"
3246,"Cremer, A G"
0389,"Crocker, G J"
3659,"Crockwell, F S"
0390,"Croft, C E H"
2064,"Croft, R D B"
0392,"Cronje, W J"
2658,"Crookes, D N"
4221,"Cross, M H"
0393,"Crowe, J J"
0394,"Crowe, M D"
2007,"Cuffy, C E"
3356,"Cullen, D J"
0395,"Cullinan, D J"
3153,"Cumming, C D"
0396,"Cummins, A C"
4269,"Cummins, M L"
3909,"Cummins, P J"
2659,"Curran, K M"
4787,"Curran, S M"
4693,"Curran, T K"
3475,"Cusack, A R"
3995,"Cutting, B C J"
3294,"Dabengwa, K M"
3961,"Daesrath, D"
2247,"Dahiya, V"
4345,"Dai, M D"
4739,"Dala, C J"
2140,"Dale, A C"
0405,"Dalpat, A"
3395,"Dalrymple, J W M"
3973,"Dananjaya, A"
0409,"Daniel, W W"
0412,"Darling, W M"
2243,"Das, S  S"
2989,"Dasgupta, D"
1970,"Dassanayake, P B"
3795,"Davey, J H"
2660,"David, N A"
3602,"David, R R"
3987,"Davids, H"
2661,"Davies, A G"
2662,"Davies, S G"
3677,"Davies, S M"
1992,"Davis, H T"
0417,"Davis, I C"
0418,"Davis, S P"
0419,"Davis, W W"
3083,"Davison, J M"
3673,Dawlat Ahmadzai
3875,Dawlat Zadran
3723,"Dawood, J J"
2663,"Dawson, A C"
4566,"Dawson, L A"
0422,"De Alwis, R G"
0425,"De Freitas, P A J"
3936,"de Grandhomme, C"
0426,"De Groen, R P"
3084,"De Groot, N A"
3424,"de Grooth, T N"
3988,"de Kock, Q"
4437,"de Lange, C D"
3927,"de Lange, M"
4791,"de Leede, B F W"
2664,"de Leede, T B M"
0427,"De Mel, A L F"
2196,"De Saram, S I"
0428,"de Silva, A M"
2665,"De Silva, D L S"
4472,"de Silva, D M"
0429,"De Silva, D S"
0430,"De Silva, E A R"
2666,"De Silva, G N"
0431,"de Silva, G R A"
2096,"de Silva, K S C"
0432,"de Silva, P A"
4270,"de Silva, P C"
4696,"de Silva, P W H"
2120,"de Silva, S K L"
3241,"de Villiers, A B"
0433,"De Villiers, P S"
1983,"Dekker, M H"
3724,"Denly, J L"
0439,"Denness, M H"
2667,"Dennis, F A"
3276,"Deonarine, N"
3865,"Dernbach, J W"
3217,"Desai, J H"
3778,"Desai, P A"
4248,"Devcich, A P"
3361,"Dhaniram, S"
2008,"Dhanraj, R"
2668,"Dharmani, P"
1971,"Dharmasena, H D P K"
4064,"Dhawan, R"
3832,"Dhawan, S"
3362,"Dhillon, H S"
3535,Dhiman Ghosh
3243,"Dhoni, M S"
2669,"Di Venuto, M J"
3645,"Diamanti, B J"
0447,"Dias, R L"
4316,"Dickwella, N"
3897,"Diepeveen, W P"
2670,"Dighe, S S"
3289,"Dilhara, L H D"
0450,"Dilley, G R"
2097,"Dillon, M V"
2197,"Dilshan, T M"
3740,"Dinda, A B"
2190,"Dippenaar, H H"
3752,"Dockrell, G H"
0454,"Dodemaide, A I C"
3834,"Doherty, X J"
3549,Dolar Mahmud
0402,"D'Oliveira, B L"
0458,"Donald, A A"
3338,"Dorey, B R"
4710,"Doriga, K"
0462,"Doshi, D R"
3601,"Douglas, C R M"
2671,"Douglas, M W"
0464,"Doull, S B"
3710,"Dowlin, T M"
0468,"Downton, P R"
4427,"Dowrich, S O"
2672,"Drakes, V C"
2060,"Dravid, R"
2673,"Drum, C J"
3486,"Drummond, G D"
3847,"du Plessis, F"
4596,"Duckett, B M"
2674,"Duers, K G"
3324,"Duffin, T"
0477,"Dujon, P J L"
2675,"Dukanwala, S F"
3208,"Duminy, J-P"
2022,"Dunusinghe, C I"
3367,"Durham, H"
4014,"Dutta, N"
0487,"Dyer, G C"
2676,"Dyer, N R"
0488,"Dymock, G"
0489,"Dyson, J"
3583,"Eaglestone, P S"
2061,"Ealham, M A"
2961,"Ebrahim, D D"
0493,"Edgar, B A"
0494,"Edmonds, P H"
3491,"Edness, J"
0495,"Edrich, J H"
3125,"Edwards, F H"
0497,"Edwards, G N"
3853,"Edwards, K A"
0500,"Edwards, R"
4792,"Edwards, S"
0501,"Edwards, W J"
4003,Ehsan Adil
4582,Ehsan Khan
4298,Ehsan Nawaz
3024,Ehsanul Haque
1973,"Eksteen, C E"
3968,"Elgar, D"
3915,Elias Sunny
3541,"Elliott, G D"
2075,"Elliott, M T G"
3931,"Ellis, A M"
0508,"Ellison, R M"
2147,"Elworthy, S"
0509,"Emburey, J E"
2004,"Emery, P A"
3457,"Emrit, R R"
3139,Enamul Haque
2677,Enamul Haque
0515,"Engineer, F M"
3880,"Eranga, R M S"
5026,"Erasmus, M G"
3780,"Ervine, C R"
2990,"Ervine, S M"
3038,"Esmeijer, J"
2678,"Essop-Adam, E A"
3707,"Evans, A C"
2065,"Evans, C N"
3138,"Ewing, G M"
3552,Fahad Alhashmi
4843,Fahad Nawaz
3194,Fahad Usman
4690,Faheem Ashraf
2997,Fahim Muntasir
0520,"Fairbrother, N H"
3119,Faisal Athar
3175,Faisal Hossain
2261,Faisal Iqbal
4654,Fakhar Zaman
4363,Fareed Ahmad
3414,Farhad Reza
3581,"Faridi, A S"
2681,Faruk Ahmed
3930,"Faulkner, J P"
4233,Fawad Ahmed
3468,Fawad Alam
4302,Fayyaz Ahmed
4854,Fayyaz Butt
4185,"Fazal, F Y"
4823,Fazle Mahmud
2130,Fazl-E-Akbar
3643,"Ferguson, C J"
4609,"Ferguson, L H"
3572,"Fernandes, N"
4697,"Fernando, A M"
4852,"Fernando, B O P"
2223,"Fernando, C R D"
2682,"Fernando, E R"
0535,"Fernando, E R N"
3033,"Fernando, K  H"
3146,"Fernando, K A D"
4574,"Fernando, M V T"
2992,"Fernando, T C B"
2683,"Fernando, T L"
2684,"Fernando, U N K"
4581,"Fernando, W I A"
3845,"Finch, A J"
3596,"Findlay, S E"
3775,"Finn, S T"
3820,"Flannigan, R"
2003,"Fleming, D W"
2685,"Fleming, M V"
1977,"Fleming, S P"
3562,"Fletcher, A D S"
2686,"Fletcher, D A G"
0547,"Fletcher, K W R"
2148,"Flintoff, A"
0549,"Flower, A"
0550,"Flower, G W"
3533,"Flynn, D R"
4832,"Foakes, B T"
3576,"Foggo, C R"
3938,"Forrest, P J"
2986,"Foster, J S"
0555,"Foster, M L C"
0556,"Foster, N A"
3471,"Fourie, M J"
0559,"Fowler, G"
5032,"France, H N Ya"
2263,"Franklin, J E C"
0566,"Franklin, T J"
2688,"Franks, P J"
2689,Frasat Ali
0567,"Fraser, A R C"
0569,"Fredericks, R C"
3183,"French, A N"
0574,"French, B N"
2690,"Friend, T J"
5031,"Frylinck, J N"
3233,"Fulton, P G"
2691,"Gabriel, R S"
3952,"Gabriel, S T"
0582,"Gaekwad, A D"
2195,"Gallage, I S"
2692,"Gamage, J C"
4335,"Gamage, P L S"
3107,"Gambhir, G"
2186,"Gandhi, D J"
2962,"Ganegama, W C A"
2087,"Ganesh, D"
2162,"Ganga, D"
2059,"Ganguly, S C"
4235,"Gardiner, H J W"
0590,"Garner, J"
2967,"Garrick, L V"
3734,"Garwe, T N"
0593,"Gatting, M W"
4285,"Gauchan, S P"
3159,"Gavaskar, R S"
0595,"Gavaskar, S M"
4348,"Gavera, W T"
2217,"Gayle, C H"
2693,Gazi Ashraf
3615,"Geeves, B"
2037,"Germon, L K"
2694,"Ghai, R S"
0601,"Ghavri, K D"
2696,Gholam Nousher
2697,Ghulam Ali
4614,Ghulam Shabber
3379,"Gibbons, T"
2080,"Gibbs, H H"
0606,"Gibbs, L R"
2025,"Gibson, O D"
0609,"Gifford, N"
0610,"Gilbert, D R"
2192,"Gilchrist, A C"
2146,"Giles, A F"
2082,"Gillespie, J N"
3452,"Gillespie, M R"
3384,"Gillespie, P G"
0612,"Gillespie, S R"
0615,"Gilmour, G J"
2695,Golam Faruq
0625,"Gomes, H A"
4240,"Gondaria, D M"
3569,"Gony, M"
0627,"Gooch, G A"
2125,"Goodwin, M W"
0628,"Goonasekera, Y"
2698,"Goonatillake, F R M"
0629,"Goonatillake, H M"
3962,"Gordon, J O A"
3848,"Gordon, T G"
5020,"Gore, K"
3593,"Goudie, G"
1995,"Gough, D"
2699,"Gouka, E"
2700,"Gould, I J"
0634,"Gower, D I"
2701,"Graf, S F"
3039,"Grandia, V"
0643,"Gray, A H"
0644,"Gray, E J"
2702,"Grayson, A P"
0645,"Greatbatch, M J"
5029,"Green, Z E"
0647,"Greenidge, A E"
0648,"Greenidge, C G"
0656,"Greig, A W"
2088,"Griffith, A F G"
2189,"Gripper, T R"
3761,"Gruitjers, T J G"
3892,"Gudhka, R D"
3877,Gulbadin Naib
4532,"Gunaratne, D A S"
3034,"Gunaratne, P W"
3589,"Gunasekera, R"
4487,"Gunathilaka, M D"
2703,"Gunawardene, A A W"
2175,"Gunawardene, D A"
2704,"Gupta, S K"
3633,"Guptill, M J"
4241,Gurdeep Singh
4212,Gurkeerat Singh
4307,"Gurney, H F"
1606,Gursharan Singh
4259,"Guruge, A M"
0679,"Gurusinha, A P"
2705,Haafiz Shahid
2235,Habibul Bashar
2707,"Haddin, B J"
2708,"Hadlee, B G"
0681,"Hadlee, D R"
0682,"Hadlee, R J"
2709,Hafizur Rahman
3584,"Haire, R S"
3808,"Hairs, O J"
3887,"Hales, A D"
2710,"Hall, A J"
3802,"Hall, J D"
3672,Hamid Hassan
2199,"Hamilton, G M"
3272,"Hamilton, L J"
3860,Hammad Azam
0695,"Hammond, J R"
0697,"Hampshire, J H"
3873,Hamza Tariq
4558,"Handscomb, P S P"
3026,Hannan Sarkar
3801,"Hansra, A S"
3450,"Haq, R M"
2138,Harbhajan Singh
2712,Harilal Shah
4225,Haris Sohail
3037,"Harmison, S J"
1442,Haroon Rashid
0707,"Harper, R A"
0708,"Harris, C Z"
3085,"Harris, J V"
3453,"Harris, P L"
3638,"Harris, R J"
1975,"Hart, M N"
3020,"Hart, R G"
2713,"Hart, R T"
0717,"Hartland, B R"
2714,Harun-Ur-Rashid
2715,"Harvey, I J"
2133,Harvinder Singh
3662,"Harwood, S M"
4579,Hasan Ali
2716,Hasan Jamil
2071,Hasan Raza
4279,Haseeb Amjad
4239,Hashmatullah Shahidi
2241,Hasibul Hussain
0722,"Haslam, M J"
3670,Hasti Gul
0726,"Hastings, B F"
3831,"Hastings, J W"
0728,"Hathurusingha, U C"
3016,"Hauritz, N M"
1976,"Hayden, M L"
0732,"Hayes, F C"
2717,"Hayes, R L"
0734,"Haynes, D L"
2718,"Haynes, R C"
2202,"Hayward, M"
3799,"Hazlewood, J R"
4615,Hazratullah Zazai
4386,"Head, T M"
2101,"Headley, D W"
0739,"Headley, R G A"
0740,"Healy, I A"
3363,"Heaney, S P"
4643,"Heazlett, S D"
3818,"Heggelman, T J"
0749,"Hemmings, E E"
3441,"Hemp, D L"
4821,"Hemraj, C"
2985,"Henderson, C W"
0752,"Hendrick, M"
4273,"Hendricks, B E"
4340,"Hendricks, R R"
3680,"Henriques, M C"
2719,"Henry, C C"
4257,"Henry, M J"
0755,"Henry, O"
2185,"Herath, H M R K B"
2720,"Heron, J G"
4681,"Hetmeyer, S O"
2721,"Heyn, P D"
0758,"Hick, G A"
3347,"Higgins, R S"
0761,"Hilditch, A M J"
3455,"Hilfenhaus, B W"
3004,"Hinds, R O"
2216,"Hinds, W W"
4529,"Hiri, H"
0770,"Hirwani, N D"
3021,"Hitchcock, P A"
3330,"Hodge, B J"
3512,"Hodsoll, K C"
3403,"Hoffmann, P J C"
0777,"Hogan, T G"
2068,"Hogg, G B"
0778,"Hogg, R M"
2722,"Hogg, V R"
2224,"Hoggard, M J"
3998,"Holder, J O"
2093,"Holder, R I C"
0780,"Holder, V A"
0781,"Holding, M A"
0784,"Holland, R G"
2105,"Hollioake, A J"
2106,"Hollioake, B C"
3587,"Hollis, D W"
2984,"Hondo, D T"
0790,"Hookes, D W"
3508,"Hooper, C K"
0791,"Hooper, C L"
4695,"Hope, K A"
4417,"Hope, S D"
3273,"Hopes, J R"
3177,"Hopkins, G J"
2091,"Horne, M J"
0797,"Horne, P A"
0801,"Houghton, D L"
3336,"How, J M"
0804,"Howarth, G P"
0805,"Howarth, H J"
2723,"Howell, L G"
2109,"Huckle, A G"
0809,"Hudson, A C"
0810,"Hughes, K J"
0811,"Hughes, M G"
3647,"Hughes, P J"
2958,Humayun Farhat
2724,"Humpage, G W"
3380,"Hurdle, K A D"
3120,"Hurley, R O"
0817,"Hurst, A G"
0823,"Hussain, N"
3420,"Hussain, R O"
4746,Hussain Talat
3595,"Hussey, D J"
3160,"Hussey, M E K"
3858,"Hyatt, D P"
3096,"Ifill, N"
4488,Iftikhar Ahmed
3231,Iftikhar Anjum
0832,"Igglesden, A P"
4651,Ihsanullah
0015,Ijaz Ahmed
2034,Ijaz Ahmed
0523,Ijaz Faqih
4928,Ikram Ali Khil
0834,"Illingworth, R"
0835,"Illingworth, R K"
3187,Ilyas Gul
4423,Imad Wasim
4706,Imam-ul-Haq
2725,Imran Abbas
2260,Imran Farhat
4617,Imran Haider
0928,Imran Khan
2174,Imran Nazir
3850,Imran Tahir
3617,Imrul Kayes
2726,Imtiaz Abbasi
3823,"Ingram, C A"
3754,"Ingram , P J"
0031,Intikhab Alam
1794,Inzamam-ul-Haq
3655,"Iqbal, M M"
2727,"Iqbal, T"
1410,"Iqbal Qasim, M"
2728,Iqbal Sikander
2057,"Irani, R C"
3318,"Ireland, A J"
3564,Irfan Ahmed
2729,Irfan Bhatti
2215,Irfan Fazil
4451,Irfan Sajid
4519,Ishtiaq Muhammad
4387,"Iyer, S S"
3828,Izatullah Dawlatzai
2010,"Jack, S D"
0850,"Jackman, R D"
2154,"Jacobs, R D"
0854,"Jadeja, A"
3644,"Jadeja, R A"
4033,"Jadhav, K M"
2208,"Jaffer, W"
2730,Jahangir Alam
2731,Jahangir Shah
3777,Jahurul Islam
0859,Jalaluddin
3142,Jamaluddin Ahmed
1993,"James, W R"
0861,"Jameson, J A"
2732,"Jansen, F"
3335,"Jaques, P A"
3733,"Jarvis, K M"
0866,"Jarvis, M P"
0867,"Jarvis, P W"
4958,Jasdeep Singh
4464,Jatinder Singh
3813,Javed Ahmadi
1169,Javed Miandad
2733,Javed Omar
2734,Javed Qadeer
2735,Jawahir Shah
3163,"Jayantha, W S"
3292,"Jayaprakashdaran, P S"
0871,"Jayasekera, R S A"
2736,"Jayasinghe, S A"
4475,"Jayasuriya, G S N F G"
4805,"Jayasuriya, N G R P"
0872,"Jayasuriya, S T"
2104,"Jayawardene, D P M D"
2225,"Jayawardene, H A P W"
0873,"Jeganathan, S"
0875,"Jenner, T J"
2737,"Jeremy, K C B"
2738,"Jesty, T E"
3603,"Jethi, K"
3244,Joginder Sharma
0878,"John, V B"
3221,"Johnson, H R"
3609,"Johnson, L R"
3334,"Johnson, M G"
3212,"Johnson, M R"
2157,"Johnson, N C"
3121,"Johnson, R L"
3385,"Johnston, D T"
4957,"Jones, A"
0885,"Jones, A H"
0888,"Jones, D M"
3165,"Jones, G O"
4723,"Jones, M A"
3440,"Jones, M O"
3803,"Jones, N G"
3152,"Jones, R A"
3028,"Jones, S P"
4319,"Jongwe, L M"
4740,"Jonker, C"
3444,"Jonkman, M B S"
3495,"Jonkman, M M A"
4845,"Jora, S"
4238,"Jordan, C J"
4575,"Joseph, A S"
3086,"Joseph, D"
2739,"Joseph, S C"
2053,"Joshi, S B"
3386,"Joyce, D I"
3393,"Joyce, E C"
4334,Jubair Hossain
0897,"Julian, B P"
0896,"Julien, B D"
3855,Junaid Khan
3517,Junaid Siddique
3874,Junaid Siddiqui
3135,Junaid Zia
3430,"Jyoti, S"
3127,Kabir Ali
2001,Kabir Khan
4426,"Kaia, R"
2213,"Kaif, M"
3110,"Kale, A V"
4628,Kaleemullah
0903,"Kallicharran, A I"
2043,"Kallis, J H"
1969,"Kalpage, R S"
0904,"Kaluperuma, L W"
0905,"Kaluperuma, S M S"
0906,"Kaluwitharana, R S"
2740,"Kamande, J K"
0908,"Kambli, V G"
3056,Kamran Akmal
3522,Kamran Hussain
4260,Kamran Shahzad
3438,"Kamungozi, T"
4804,"Kamunhukamwe, T S"
4232,"Kamyuka, K"
3172,"Kandamby, S H T"
3505,"Kandappah, A L"
2252,"Kaneria, D"
0909,"Kanhai, R B"
2204,"Kanitkar, H H"
0443,Kapil Dev
2009,"Kapoor, A R"
3340,"Kapugedera, C K"
4441,Karan KC
3073,"Karg, M"
2741,"Karim, A Y A"
3893,"Karim, I A"
2244,"Karim, S"
4611,Karim Janat
3664,Karim Sadiq 
2742,"Karnain, S H U"
3210,"Karthik, K D"
2209,"Kartik, M"
3871,"Karunaratne, F D M"
2965,Kashif Raza
2076,"Kasprowicz, M S"
3462,"Kasteni, F"
3590,"Katchay, E"
2743,"Katich, S M"
4034,"Kaul, S"
4367,"Kaushal, P H T"
3442,"Kelly, S K W"
2258,"Kemp, J M"
2048,"Kennedy, R J"
3018,"Kent, J C"
0921,"Kent, M F"
0925,"Kerr, R B"
3408,"Kervezee, A N"
3705,"Keshvani, S"
3071,"Keulder, D"
3036,"Key, R W T"
4293,"Khadka, P"
4286,"Khakurel, S P"
2744,Khaled Mahmud
2239,Khaled Mashud
3191,Khalid Khan
3524,Khalid Latif
3671,Khaliq Dad
2245,"Khan, Z"
2745,"Khanna, S C"
3842,"Khawaja, U T"
4462,Khawar Ali
2746,"Khoda, G K"
2747,"Khurasiya, A R"
3661,Khurram Chohan
3196,Khurram Khan
3527,Khurram Manzoor
4629,Khurram Nawaz
3484,"Kidd, G E"
3768,"Kieswetter, C"
4741,"Kila, J"
0938,"King, C L"
2165,"King, R D"
4255,"Kingma, V J"
0944,"Kirmani, S M H"
0945,"Kirsten, G"
0946,"Kirsten, P N"
2987,"Kirtley, R J"
4731,"Klaasen, H"
4794,"Klaassen, F J"
3682,"Kleinveldt, R K"
3047,"Kloppenburg, J F"
2081,"Klusener, L"
2027,"Knight, N V"
0952,"Knott, A P E"
2748,"Koen, L J"
3600,"Kohli, V"
3078,"Kotze, B L"
3074,"Kotze, D B"
5025,"Kotze, J"
3625,"Krejza, J J"
4304,Krishna Chandran
0956,"Krishnamurthy, P"
3810,"Kruger, B P"
3565,"Kruger, C K"
3337,"Kruger, G J"
3866,"Kruger, N"
0957,"Kuggeleijn, C M"
4685,"Kuggeleijn, S C"
0958,"Kuiper, A P"
3921,"Kulasekara, C K B"
3147,"Kulasekara, K M D N"
4652,Kuldeep Yadav
4066,"Kulkarni, D S"
2103,"Kulkarni, N M"
0959,"Kulkarni, R R"
3991,"Kumar, B"
3764,"Kumar , N R"
3514,"Kumar, P"
4599,"Kumara, C B R L S"
2749,"Kumaran, T A S"
0962,"Kumble, A"
0964,"Kuruppu, D S B"
2094,"Kuruvilla, A"
3376,Kwame Tucker
0967,"Labrooy, G F"
0968,"Laird, B M"
3745,"Lakmal, R A S"
3029,"Lakshitha, M K G"
3189,"Lama, S B"
0971,"Lamb, A J"
3770,"Lamb, G A"
0972,"Lamba, R"
0973,"Lambert, C B"
4757,"Lamichhane, S"
3185,"Lamsam, J P R"
0975,"Langer, J L"
2991,"Langeveldt, C K"
3387,"Langford-Smith, D"
0979,"Lara, B C"
0980,"Larkins, W"
1991,"Larsen, G R"
0984,"Latham, R T"
3932,"Latham, T W M"
3657,"Laughlin, B"
0987,"Laughlin, T J"
2040,"Law, S G"
0989,"Lawrence, D V"
0991,"Lawry, W M"
0992,"Lawson, G F"
3003,"Lawson, J J C"
2079,"Laxman, V V S"
4222,"Leask, M A"
2205,"Lee, B"
2750,"Lee, S"
0998,"Lees, W K"
2751,"Lefebvre, R P"
2139,"Lehmann, D S"
1004,"Lever, J K"
1005,"Lever, P"
3368,"Leverock, R D M"
1009,"Lewis, C C"
4538,"Lewis, E"
3281,"Lewis, J"
3333,"Lewis, M L"
2122,"Lewis, R N"
0042,Liaqat Ali
2141,"Liebenberg, G F J"
1013,"Lillee, D K"
4430,Liton Das
4584,"Little, J B"
1022,"Liyanage, D K"
1024,"Lloyd, C H"
1025,"Lloyd, D"
2752,"Lloyd, G D"
1026,"Lloyd, T A"
2036,"Lock, A C I"
3405,"Lockhart, D R"
1030,"Logie, A L"
3104,"Lokuarachchi, K S"
3494,"Lonsdale, C H"
3815,"Loots, B P"
3397,"Loudon, A G R"
3624,"Louw, J"
3077,"Louw, J L"
2753,"Love, J D"
3456,"Loye, M B"
2754,"Lubbers, S W"
1037,"Luckhurst, B W"
3781,"Lumb, M J"
3103,"Luseno, A S"
2755,"Lynch, M A"
4108,"Lynn, C A"
3885,"Lyon, N M"
3404,"Lyons , R T"
2126,"MacGill, S C G"
4006,"Machan, M W"
2756,"Mackay, A J"
1050,"Maclean, J A"
2757,"MacLeay, K H"
3606,"MacLeod, C S"
3398,"MacRae, N J"
1051,"Madan Lal, S"
2183,"Maddy, D L"
2134,"Madondo, T N"
1054,"Madugalle, R S"
1055,"Madurasinghe, A W R"
4728,"Madushanka, D S K"
4644,"Madushanka, L D"
4320,"Madziva, N"
2758,Mafizur Rahman
1056,"Maguire, J N"
1057,"Mahanama, R S"
4601,"Maharaj, K A"
3171,"Maharoof, M F"
3623,Mahbubul Alam
2759,Mahbubur Rahman
2760,"Maher, J P"
3179,"Mahmood, S I"
2761,Mahmood Hamid
3488,Mahmudullah
3055,"Mahwire, N B"
3684,"Maiden, G I"
0929,Majid Khan
4694,"Malan, D J"
1066,"Malcolm, D E"
1067,"Malhotra, A"
4952,"Malhotra, J S"
3178,"Malinga, S L"
4287,"Malla, G"
1072,"Mallett, A A"
1073,"Malone, M F"
1608,Maninder Singh
1074,"Manjrekar, S V"
2762,Manjural Islam
3143,Manjural Islam Rana
1076,"Mankad, A V"
3719,"Manou, G A"
0028,Mansoor Akhtar
3580,Mansoor Amjad
2763,Mansoor Rana
2764,Manzoor Akhtar
0503,Manzoor Elahi
2765,Maqsood Rana
3087,"Maraj, I"
3154,"Maregwede, A"
2257,"Marillier, D A"
4701,"Markram, A K"
1085,"Marks, V J"
1088,"Marsh, G R"
3912,"Marsh, M R"
1089,"Marsh, R W"
3561,"Marsh, S E"
2766,"Marshall, C A"
2254,"Marshall, H J H"
3271,"Marshall, J A H"
1090,"Marshall, M D"
3269,"Marshall, X M"
3861,"Martin, A"
2248,"Martin, C S"
2767,"Martin, G C"
2768,"Martin, J J"
2023,"Martin, P J"
1098,"Martyn, D R"
3498,"Maruma, T"
2977,"Masakadza, H"
3769,"Masakadza, S W"
4482,"Masakadza, W P"
3478,"Mascarenhas, A D"
2995,Mashrafe Mortaza
3150,"Mason, M J"
2769,Masood Iqbal
3214,"Massiah, S J"
1103,"Massie, R A L"
4572,"Masvaure, P S"
2073,"Matambanadzo, E"
3628,"Mathews, A D"
4439,"Mathieson, A W"
3059,"Matsikenyeri, S"
1108,"Matthews, C R"
1109,"Matthews, G R J"
1111,"Mattis, E H"
2770,"Mauricette, B M"
4800,"Mavuta, B A"
3448,"Mawoyo, T M K"
3378,"Maxwell, D E S"
3969,"Maxwell, G J"
1113,"May, T B A"
1114,"Maynard, M P"
2771,Mazhar Hussain
3046,Mazharul Haque
2074,"Mbangwa, M"
4639,"McAuslan, C"
4294,"McBrine, A R"
3388,"McCallan, W K"
3401,"McCallum, N F I"
3804,"McCann, R D"
4329,"McCarter, G J"
4563,"McCarthy, B J"
3984,"McClenaghan, M J"
4926,"McCollum, J A"
1124,"McCosker, R B"
4825,"McCoy, O C"
3008,"McCullum, B B"
3685,"McCullum, N L"
2772,"McCurdy, R J"
1125,"McDermott, C J"
1129,"McEwan, P E"
2773,"McGarrell, N C"
3651,"McGlashan, P D"
3118,"McGrath, A"
1133,"McGrath, G D"
3758,"McKay, A J"
3735,"McKay, C J"
2774,"McKechnie, B J"
4715,"McKechnie, S S"
1137,"McKenzie, G D"
2227,"McKenzie, N D"
3736,"McLaren, R"
2127,"McLean, N A M"
2775,"McLeod, H"
1147,"McMillan, B M"
2118,"McMillan, C D"
2776,"McSweeney, E B"
3917,"Meaker, S C"
4598,Mehidy Hasan Miraz
2777,Mehmood Quaraishy
2778,"Mehra, V"
2234,Mehrab Hossain
3439,Mehrab Hossain
2779,"Mehta, P S"
2780,"Meman, M A"
3545,"Mendis, B A W"
4485,"Mendis, B K G"
3787,"Mendis, B M A J"
1162,"Mendis, L R D"
2781,"Mendis, M C"
4827,"Mendis, P H K D"
4595,"Mennie, J M"
3342,"Meth, K O"
2054,"Mhambrey, P L"
3783,"Miller, D A"
1177,"Miller, G"
3597,"Miller, N O"
2782,"Millmow, J P"
2966,"Mills, K D"
3839,"Milne, A F"
2783,Minhajul Abedin
3369,"Minors, D A"
4354,"Mire, S F"
3727,Mirwais Ashraf
2262,Misbah-ul-Haq
3108,"Mishra, A"
3345,"Mishra, T"
3767,"Mithun, A"
2784,"Modi, H S"
4683,Mohammad Abbas
2033,Mohammad Akram
3698,Mohammad Amir
2964,Mohammad Ashraful
3245,Mohammad Asif
2785,Mohammad Aslam
4722,Mohammad Boota
3101,Mohammad Hafeez
4991,Mohammad Hasnain
2072,Mohammad Hussain
3504,Mohammad Iqbal
3821,Mohammad Irfan
2786,Mohammad Ishaq
3411,Mohammad Kashif
3240,Mohammad Khalil
4266,Mohammad Mithun
3665,Mohammad Nabi
4469,Mohammad Nadeem
4305,Mohammad Naveed
4536,Mohammad Nawaz
2240,Mohammad Rafique
4412,Mohammad Rizwan
4677,Mohammad Saifuddin
3111,Mohammad Salim
3856,Mohammad Salman
2264,Mohammad Sami
3728,Mohammad Shahzad
4306,Mohammad Shahzad
3649,Mohammad Talha
3199,Mohammad Tauqir
2077,Mohammad Wasim
2129,Mohammad Yousuf
2083,Mohammad Zahid
3158,"Mohammed, D"
3925,"Mohammed, J N"
1260,Mohammed Nazir
4613,Mohammed Qasim
3993,Mohammed Shami
2960,Mohammed Sharif
4675,Mohammed Siraj
2107,"Mohanty, D S"
4010,Mohibullah Paak
0907,Mohsin Kamal
0930,Mohsin Khan
0931,Moin Khan
2787,Moin-Ul-Atiq
3485,"Mol, G C"
3048,"Mol, H J"
3980,Mominul Haque
3797,"Mommsen, P L"
2959,"Mongia, D"
1978,"Mongia, N R"
3145,Moniruzzaman
1206,"Moody, T M"
3389,"Mooney, J F"
3390,"Mooney, P J K"
4359,"Moor, P J"
1209,"More, K S"
4344,"Morea, V V"
3370,"Morgan, D W O"
3416,"Morgan, E J G"
3162,"Morkel, J A"
3451,"Morkel, M"
3989,"Morris, C H"
1216,"Morris, J E"
1219,"Morrison, D K"
1220,"Morrison, J F M"
2788,Morshed Ali Khan
3012,"Morton, R S"
4516,Mosaddeck Hossain
1222,"Moseley, E A"
3536,Mosharraf Hossain
1225,"Moss, J K"
1228,"Moxon, M D"
2789,"Mpitsang, P V"
3237,"Mpofu, C B"
3918,"M'shangwe, N"
3030,"Mubarak, J"
3482,Mudassar Bukhari
1258,Mudassar Nazar
3415,"Mufambisi, T V"
4526,Muhammad Usman
2790,Mujahid Jamshed
4714,Mujeeb Ur Rahman
2791,"Mukherjee, S P"
3371,"Mukuddem, S"
4585,"Mulder, J"
4707,"Mulder, P W A"
3443,"Mulla, A A"
3480,"Mulla, M"
2056,"Mullally, A D"
4600,"Mumba, C T"
2792,"Munasinghe, A M N"
3972,"Munaweera, E M D Y"
3566,Munir Dar
3985,"Munro, C"
4435,"Munsey, H G"
3173,"Mupariwa, T"
1234,"Muralitharan, M"
3072,"Murgatroyd, B G"
2218,"Murphy, B A"
4007,"Murphy, D"
1239,"Murray, D A"
2006,"Murray, D J"
1240,"Murray, D L"
1242,"Murray, J R"
4802,"Murray, R C"
3958,"Murtagh, T J"
4608,"Musakanda, T K"
3279,Mushfiqur Rahim
2793,Mushfiqur Rahman
0018,Mushtaq Ahmed
1198,Mushtaq Mohammad
4414,Mustafizur Rahman
3500,"Mustard, P"
2230,"Mutendera, D T"
3639,"Mutizwa, F"
4004,"Mutombodzi, T C"
4019,"Mutumbami, R"
4719,"Muzarabani, B"
4459,"Muzarabani, T"
3061,"Mwayenga, W"
3895,"Myburgh, S J"
2794,"Mylvaganam, G"
3206,Nadeem Ahmed
0600,Nadeem Ghauri
0932,Nadeem Khan
2795,Naeem Ahmed
2796,Naeem Ashraf
3616,Naeem Islam
3195,Naeemuddin Aslam
3144,Nafis Iqbal
2229,"Nagamootoo, M V"
2797,"Nagenda, J"
1246,"Naik, S S"
2232,Naimuir Rahman
4123,"Nair, K K"
3469,Najaf Shah
3188,Najeeb Amar
4274,Najeeb Tarakai
3960,Najibullah Zadran
2798,"Nana, P G"
3697,"Nannes, D P"
4676,"Nao, A"
3922,"Narine, S P"
2799,Naseer Malik
3610,"Nash, B P"
1251,"Nash, D J"
1793,Nasim-Ul-Ghani
2800,Nasir Ahmed
4364,Nasir Aziz
3205,Nasir Hameed
3878,Nasir Hossain
4315,Nasir Jamal
3521,Nasir Jamshed
3227,Nasir Javed
3546,Naumanullah
0077,Naved Anjum
2994,Naved Latif
3102,Naved-ul-Hasan
4590,Naveen -ul-Haq
2801,"Nawaz, M N"
3666,Nawroz Mangal
1255,"Nayak, S V"
3116,"Nayanakanatha, H G D"
3704,"Nayar, A M"
3538,"Nazimuddin, M"
3225,Nazmul Hossain
4633,Nazmul Hossain Shanto
4736,Nazmul Islam
3919,"Ncube, N"
3986,"Neesham, J D S"
2802,Neeyamur Rashid
2168,"Nehra, A"
2970,"Nel, A"
3402,"Nel, J D"
4201,"Neser, M G"
3933,"Nethula, T S"
4960,"Netravalkar, S N"
2803,"Nevin, C J"
4646,"Ngarava, R"
4636,"Ngidi, L"
3805,"Ngoche, J O"
3750,"Ngoche, S O"
4509,"Nicholls, H M"
3784,"Nicol, R J"
3822,"Nicolson, I A"
3674,"Nijman, R G"
2993,"Nissanka, R A P"
3454,"Nixon, P A"
4280,Nizakat Khan
2222,"Nkala, M L"
3531,"Noffke, A A"
3663,Noor Ali Zadran
3819,Noor-ul-Haq
3648,"North, M J"
4929,"Nortje, A"
2137,"Ntini, M"
3859,"Nurse, A R"
2804,Nurul Abedin
4514,Nurul Hasan
4318,"Nyumbu, J"
3509,"Obanda, A A"
3372,"O'Brien, G H"
3274,"O'Brien, I E"
3391,"O'Brien, K J"
3417,"O'Brien, N J"
2979,"Obuya, C O"
2978,"Obuya, D O"
2110,"O'Connor, S B"
3755,"Odhiambo, N M"
3346,"Odhiambo, N N"
1288,"O'Donnell, S P"
2806,"Odoyo, T M"
2807,"Odumbe, E O"
2808,"Odumbe, M O"
3789,"Ojha, N V"
3574,"Ojha, P P"
1289,"O'Keeffe, K J"
1298,"Old, C M"
4625,"Olivier, D"
2019,"Olonga, H K"
3894,"Oluoch, L N"
1558,"Omarshah, A H"
2805,"Ongondo, P J"
3676,"Onions, G"
2969,"Ontong, J L"
2809,"Onyango, L N"
2810,"Opatha, A R M"
2811,"Oram, J D P"
3364,"Osinde, H"
1293,"O'Sullivan, D R"
3510,"Otieno, E"
3806,"Otieno, F N"
2812,"Otieno, K O"
3222,"Ouma, M A"
3427,"Outerbridge, S D"
4712,"Overton, C"
1304,"Owens, M B"
3725,"Paine, T D"
2813,"Palframan, S J"
3493,"Panchel, M"
2814,"Pandey, G K"
4083,"Pandey, M K"
1319,"Pandit, C S"
4399,"Pandya, H H"
3350,"Panesar, M S"
3790,Pankaj Singh
4542,"Pant, R R"
3168,"Panyangara, T"
3161,"Papps, M H W"
2815,"Paranjpe, J V"
3515,"Parchment, B A"
4510,"Paris, J S"
1322,"Parkar, G A"
1326,"Parker, J M"
3796,"Parker, M A"
1327,"Parker, N M"
3642,"Parnell, W D"
1334,"Parore, A C"
1335,"Parry, D R"
4272,"Parry, S D"
4311,Parvez Rasool
3716,"Pascal, N T"
1338,"Pascoe, L S"
2816,"Pasqual, S P"
3098,"Patel, A"
2817,"Patel, A K"
4310,"Patel, A R"
2980,"Patel, B J"
1343,"Patel, B P"
1344,"Patel, D N"
3722,"Patel , H"
2818,"Patel, J M"
3321,"Patel, J S"
3353,"Patel, K A"
4954,"Patel, M D"
3229,"Patel, M L"
3352,"Patel, M M"
3035,"Patel, P A"
1346,"Patel, R G M"
3612,"Patel, R R"
3605,"Patel, S R"
4959,"Patel, T K"
4641,"Paterson, D"
2819,"Paterson, G A"
3156,"Pathan, I K"
4016,"Pathan, R"
3550,"Pathan, Y K"
4454,"Pathirana, S S"
1349,"Patil, S M"
4261,"Patil, S P"
3507,"Patraj, J"
2820,"Patterson, B M W"
1350,"Patterson, B P"
3854,"Pattinson, J L"
4812,"Paudel, R K"
4742,"Paul, K M A"
1351,"Payne, T R O"
1984,"Peall, S G"
2821,"Peckover, G E"
2822,"Penn, A J"
4017,"Perera, A K"
2823,"Perera, K G"
3501,"Perera, M D K"
3994,"Perera, M D K J"
3747,"Perera, N L T C"
4950,"Perera, P A R P"
2169,"Perera, P D R"
2149,"Perera, S A"
3976,"Permaul, V"
2178,"Perry, N O"
2825,Pervez Mir
3437,"Petersen, A N"
3049,"Peterson, R J"
3708,"Petrie, M J"
2826,"Petrie, R G"
3990,"Phangiso, A M"
4588,"Phehlukwayo, A L"
3476,"Philander, V D"
2827,"Philip, I L"
1365,"Phillip, N"
1366,"Phillips, W B"
2828,"Pieris, H  S"
3238,"Pietersen, K P"
3496,"Pitcher, A D J"
3373,"Pitcher, A R"
3464,"Pitcher, O L"
3331,"Plunkett, L E"
1378,"Pocock, P I"
4530,"Pokana, N"
3465,"Pollard, K A"
1380,"Pollard, V"
2039,"Pollock, S M"
2041,"Ponting, R T"
2829,"Poonawala, R H"
3419,"Poonia, N S"
4587,"Pooran, N"
2830,"Porter, G D"
3418,"Porterfield, W T S"
2831,"Pothas, N"
3164,"Powar, R R"
3022,"Powell, D B"
3720,"Powell, K O A"
4605,"Powell, R"
2203,"Powell, R L"
3585,"Poynter, A D"
4326,"Poynter, S W"
1392,"Prabhakar, M M"
3914,"Pradeep, N"
2055,"Prasad, B K V"
3341,"Prasad, K T G D"
2187,"Prasad, M S K"
3881,"Prasanna, S"
4589,"Pretorius, D"
2201,"Price, R W"
1397,"Priest, M W"
3013,"Prince, A G"
1399,"Pringle, C"
2832,"Pringle, D J"
1400,"Pringle, D R"
1401,"Pringle, M W"
3239,"Prior, M J"
4254,"Priyanjan, S M A"
3826,"Pujara, C A"
4491,"Punja, Y"
1998,"Pushpakumara, K R"
3741,"Pushpakumara, M"
4699,"Pushpakumara, P M"
3328,"Puttick, A G"
1407,"Pycroft, A J"
2833,"Pydanna, M R"
4495,Qadeer Ahmed
3423,Qaiser Ali
1301,Qasim Omar
4339,"Rabada, K"
1413,"Rackemann, C G"
1414,"Radford, N V"
1415,"Radley, C T"
3668,Raees Ahmadzai
2834,Rafiqul Alam
3051,Rafiqul Islam
3889,"Rahane, A M"
3955,Rahat Ali
4009,Rahmat Shah
4349,"Raho, P"
4137,"Rahul, K L"
3287,"Raina, S K"
3176,"Rainsford, E C"
4810,"Rajbanshi, L N"
3131,Rajin Saleh
4531,"Rajitha, C A K"
1421,"Rajput, L S"
1422,"Raju, S L V"
1424,"Raman, W V"
1425,"Ramanayake, C P H"
3286,"Ramdass, R"
3285,"Ramdin, D"
4576,Rameez Shahzad
2166,"Ramesh, S"
1418,Ramiz Raja
2131,"Ramnarine, D"
3149,"Rampaul, R"
1429,"Ramprakash, M R"
3963,"Ramsammy, D R"
3204,Ramveer Rai
1432,"Ranasinghe, A N"
2835,"Ranasinghe, S K"
1433,"Ranatunga, A"
1434,"Ranatunga, D"
2836,"Ranatunga, N"
1999,"Ranatunga, S"
4686,"Rance, S H A"
1435,"Ranchod, U"
1436,"Randall, D W"
2837,Randhir Singh
3746,"Randiv, S"
3459,"Rankin, W B"
3537,Raqibul Hasan
2838,Raqibul Hasan
3696,"Rashid, A U"
4484,Rashid Khan
0933,Rashid Khan
0986,Rashid Latif
3219,Rashid Zia
2052,"Rathore, V S"
2839,"Ratnayake, N L K"
1443,"Ratnayake, R J"
1444,"Ratnayeke, J R"
3009,"Ratra, A"
2840,"Raul, S S"
4711,"Ravu, D"
2841,"Rawson, P W E"
4069,"Rayudu, A T"
3970,Raza Hasan
3945,Raza-ur-Rehman
1446,"Razdan, V"
2182,"Read, C M W"
1450,"Reddy, B"
3547,"Redmond, A J"
1451,"Redmond, R E"
1452,"Redpath, I R"
3406,"Reekers, D J"
1454,"Reeve, D A"
4289,"Regmi, B"
1457,"Reid, B A"
3220,"Reid, C A"
1458,"Reid, J F"
2842,"Reid, R B"
2100,"Reifer, F L"
4716,"Reifer, R A"
1461,"Reiffel, P R"
2111,"Rennie, G J"
1985,"Rennie, J A"
4457,"Reva, J B"
1465,"Rhodes, J N"
1989,"Rhodes, S J"
2843,"Rice, C E B"
3487,"Richards, A C L"
1469,"Richards, C J"
3712,"Richards, D M"
1470,"Richards, I V A"
1473,"Richardson, D J"
4236,"Richardson, E J"
4650,"Richardson, J A"
3996,"Richardson, K W"
2231,"Richardson, M H"
1476,"Richardson, R B"
2844,"Rindel, M J R"
3896,"Ringera, E B"
3343,"Rinke, H P"
4020,"Rippon, M J"
1484,"Ritchie, G M"
1485,"Rixon, S J"
4844,"Rizwan, C P"
3528,Rizwan Ahmed
3604,Rizwan Cheema
3202,Rizwan Latif
1800,Rizwan-Uz-Zaman
3611,"Roach, K A J"
1490,"Roberts, A D G"
1489,"Roberts, A M E"
2845,"Roberts, S J"
1491,"Robertson, G K"
2132,"Robertson, G R"
3492,"Robinson, J"
1497,"Robinson, R D"
1498,"Robinson, R T"
3785,Robiul Islam
4803,"Roche, L N"
3058,"Rogers, B G"
3449,"Rogers, G A"
4262,Rohan Mustafa
4505,Rokhan Barakzai
4689,"Roland-Jones, T S"
3374,"Romaine, I H"
3213,"Romero, L C"
3573,"Ronchi, L"
1500,"Roope, G R J"
3981,"Root, J E"
1503,"Rose, B C"
2092,"Rose, F A"
4321,"Rossouw, R R"
1509,"Rowe, L G"
4325,"Roy, J J"
3635,Rubel Hossain
3109,"Rudolph, J A"
4593,Rumman Raees
2846,"Rundle, D B"
1515,"Rushmere, M W"
3836,"Russell, A D"
1517,"Russell, R C"
3999,"Rutherford, H D"
1520,"Rutherford, K R"
3532,"Ryder, J D"
4993,Saad Ali
4332,Saad Nasim
2847,Saadat Ali
4268,Sabbir Rahman
1200,Sadiq Mohammad
3591,Saeed Ajmal
0081,Saeed Anwar
2848,Saeed Azad
2849,Saeed-Al-Saffar
4290,Sagar Pun
4807,"Sah, A K"
3759,"Saha, W P"
2850,Saiful Islam
2851,Sajid Ali
2852,Sajjad Ahmed
2853,Sajjad Akbar
2877,Salahuddin Ahmed
0059,Saleem Altaf
2031,Saleem Elahi
1070,Saleem Malik
2854,Saleem Pervez
2855,Saleem Raza
1960,Saleem Yousuf
0855,Salim Jaffer
1526,"Salisbury, I D K"
3132,Salman Butt
4263,Salman Faris
4361,Salman Farooq
2856,"Salmond, G"
3106,"Salvi, A M"
3099,"Samad, A M"
2857,"Samarasekera, J A"
1527,"Samarasekera, M A R"
1981,"Samaraweera, D P"
2858,"Samaraweera, T T"
4704,"Samarawickrama, S"
3203,Sameer Zia
4413,Sami Aslam
3520,Samiullah Khan
3669,Samiullah Shinwari
2859,Samiur Rahman
3228,"Sammy, D J G"
2255,"Samuels, M N"
2050,"Samuels, R G"
4571,"Sandakan, P A D L R"
4921,Sandeep Goud
3365,"Sandher, K T"
1530,"Sandhu, B S"
4374,"Sandhu, G S"
2226,"Sangakkara, K C"
2259,"Sanghvi, R L"
4429,"Santner, M J"
2861,Sanwar Hossain
3556,Saqib Ali
4365,Saqlain Haider
2032,Saqlain Mushtaq
2251,Sarandeep Singh
3513,Sarfraz Ahmed
1254,Sarfraz Nawaz
4842,"Sarraf, P"
2220,"Sarwan, R R"
3088,"Sattaur, A F"
4506,Sayed Shirzad
2862,"Schewe, M M C"
3041,"Schiferli, E"
3042,"Scholte, R H"
5033,"Scholtz, B M"
1536,"Schultz, B N"
2863,"Sealy, G R"
3095,"Seebaran, B B"
3412,"Seelaar, P M"
3431,"Seeraj, S"
2878,"Sehwag, V"
4732,"Seifert, T L"
1548,"Sekar, T A P"
2864,"Semple, K F"
1553,"Senanayake, C P"
3928,"Senanayake, S M S M"
1555,"Serjeant, C S"
2865,"Sethi, R K"
2866,Shabbir Ahmed
3763,Shabir Noori
2062,Shadab Kabir
4653,Shadab Khan
0021,Shafiq Ahmed
3730,Shafiqullah
2867,Shafiuddin Ahmed
3748,Shafiul Islam
4352,"Shah, K D"
2974,"Shah, O A"
2868,"Shah, R D"
3280,Shahadat Hossain
2869,Shaheedur Rahman
4798,Shaheen Shah Afridi
2152,Shahid Afridi
2870,Shahid Anwar
1058,Shahid Mahboob
2069,Shahid Nazir
1522,Shahid Saeed
4583,Shahid Wasif
2233,Shahriar Hossain
3283,Shahriar Nafees
3481,Shahzad Khan
3702,Shahzaib Hasan
4264,Shaiman Anwar
0022,Shakeel Ahmed
2871,Shakeel Khan
3426,Shakib Al Hasan
4562,"Shamsi, T"
3506,"Shamsuden, A"
4018,Shamsur Rahman
4246,Shan Masood
4476,"Shanaka, M D"
4027,"Shankar, V"
4219,"Shannon, J N K"
3729,Shapoor Zadran
4313,Sharafuddin Ashraf
3868,"Sharif, S M"
2872,Shariful Haque
4252,Sharjeel Khan
1560,"Sharma, A K"
1561,"Sharma, C"
1562,"Sharma, G"
3470,"Sharma, I"
4115,"Sharma, K V"
4028,"Sharma, M M"
1563,"Sharma, P H"
3186,"Sharma, R"
3923,"Sharma, R"
3474,"Sharma, R G"
1564,"Sharma, S K"
1570,"Shastri, R J"
2874,"Shaw, T G"
1572,"Sheahan, A P"
2875,Shehzad Altaf
2876,"Sheikh, M"
3594,"Sheikh, M Q"
3557,"Shetty, V"
4322,"Shezi, M"
1580,"Shillingford, I T"
1582,"Shivnarine, S"
2124,Shoaib Akhtar
2879,Shoaib Malik
1201,Shoaib Mohammad
4729,"Short, D J M"
4769,Shubman Gill
2880,"Shukla, L R"
1589,"Shuttleworth, K"
3879,Shuvagata Hom
4343,"Siaka, L"
3141,"Sibanda, V"
3618,"Siddle, P M"
2881,"Siddons, J D"
2971,"Sidebottom, R J"
1591,"Sidhu, N S"
4022,Sikandar Raza
0120,Sikander Bakht
3558,"Silva, E H S"
2045,"Silva, K J"
2882,"Silva, L P C"
1594,"Silva, S A R"
2085,"Silverwood, C E W"
4743,Simandeep Singh
4687,Simi Singh
3447,"Simmons, L M P"
1595,"Simmons, P V"
2883,"Simons, E O"
1597,"Simpson, R B"
3060,"Sims, R W"
2206,"Sinclair, M S"
3332,"Singh, R P"
2884,"Singh, R P"
2158,"Singh, R R"
3354,"Singh, V R"
4453,"Siriwardana, T A M"
1612,"Sivaramakrishnan, L"
3567,Skhawit Ali
1613,"Slack, W N"
1615,"Slater, M J"
1619,"Small, G C"
1621,"Small, M A"
3181,"Smart, T T"
5028,"Smit, J J"
3429,"Smith, C J"
3400,"Smith , C J O"
1627,"Smith, C L"
1629,"Smith, D M"
3157,"Smith, D R"
3105,"Smith, D S"
3014,"Smith, G C"
1638,"Smith, I D S"
3588,"Smith, M"
2885,"Smith, M J"
2886,"Smith, M J"
2887,"Smith, N M K"
1641,"Smith, R A"
4565,"Smith, R A J"
1642,"Smith, S B"
3756,"Smith, S P D"
3090,"Smits, J"
2988,"Snape, J N"
4793,"Snater, S"
1647,"Snedden, M C"
1648,"Snell, R P"
1651,"Snow, J A"
1652,"Sobers, G S A"
4243,"Sodhi, I S"
2888,"Sodhi, R S"
3975,Sohag Gazi
4230,Sohaib Maqsood
2889,Sohail Butt
2890,Sohail Fazal
3525,Sohail Khan
3502,Sohail Tanvir
2891,"Solanki, V S"
4577,"Sole, C B"
4724,"Sole, T B"
1655,"Solkar, E D"
2892,"Somasunder, S B"
4291,Sompal Kami
4460,"Soper, C A"
3432,"Soraine, D"
3941,"Sorensen, M C"
4362,Soumya Sarkar
3542,"Southee, T G"
2042,"Spearman, C M"
4512,"Sran, B B"
4492,"Sreekumar, L"
3327,"Sreesanth, S"
1664,"Srikkanth, K"
1665,"Srinath, J"
1666,"Srinivasan, T E"
2893,"Sriram, S"
1669,"Stackpole, K R"
3656,"Stander, J H"
2894,"Stanger, I M"
4626,"Stanlake, B"
3215,"Staple, R W"
3830,"Starc, M A"
3091,"Statham, N A"
2895,"Stead, M P"
3381,"Steede, R D"
1675,"Steele, D S"
3410,"Stelling, W F"
1679,"Stevenson, G B"
1680,"Stewart, A J"
2896,"Stewart, E L R"
3773,"Stewart, S L"
3242,"Steyn, D W"
2012,"Steyn, P J R"
1683,"Stirling, D A"
3586,"Stirling, P R"
4389,"Stoinis, M P"
3883,"Stokes, B A"
3599,"Stokkers, L W"
4819,"Stone, O P"
2897,"Stott, L W"
2017,"Strang, B C"
2005,"Strang, P A"
3148,"Strauss, A J"
1986,"Streak, H H"
3344,"Strydom, G M"
2207,"Strydom, P C"
3539,"Strydom, R"
2898,"Stuart, A M"
2256,"Stuart, C E L"
2899,"Styris, S B"
1693,"Su'A, M L"
4619,Subashis Roy
2900,"Sudhakar Rao, R"
3771,Suhrawadi Shuvo
2901,"Suji, A O"
2902,"Suji, M A"
4680,Sultan Ahmed
2903,Sultan Zarawani
2904,"Sulzberger, G P"
2905,"Sumar, S"
4688,Sunzamul Islam
5034,Suraj Kumar
3579,"Surkari, Z E"
3069,"Swanepoel, S J"
2906,"Swann, G P"
3867,"Swart, M R"
3197,Syed Maqsood
3323,Syed Rasel
1706,"Symcox, P L"
2907,"Symonds, A"
3076,"Synman, G"
3413,"Szwarczynski, E S"
3184,Tabarak Dar
1249,Tahir Naqqash
2975,"Taibu, T"
4324,Taijul Islam
2908,"Tait, A R"
3319,"Tait, S W"
3023,Talha Jubair
3461,Tamim Iqbal
4620,Tanbir Hayder
4534,Tanveer Ahmed
3837,Tanvir Ahmed
2909,Tanvir Mehdi
4281,Tanwir Afzal
3032,Tapash Baisya
3010,Tareq Aziz
2910,Tariq Javed
4299,Taskin Ahmed
0088,Taslim Arif
2982,Taufeeq Umar
0023,Tausif Ahmed
1720,"Tavare, C J"
1723,"Taylor, B R"
3169,"Taylor, B R M"
3122,"Taylor, J E"
1729,"Taylor, J P"
3884,"Taylor, J W A"
1731,"Taylor, L B"
3348,"Taylor, L R P L"
1732,"Taylor, M A"
1733,"Taylor, P L"
4013,"Taylor, R M L"
1734,"Taylor, R W"
4953,"Taylor, S R"
2911,"Telemachus, R"
3407,"ten Doeschate, R N"
1735,"Tendulkar, S R"
2912,"Tennekoon, A P B"
4811,"ter Braak, D J"
2153,"Terbrugge, D J"
4569,"Terry, S P"
3870,"Tewarie, V A B"
4393,"Thakur, S N"
3291,"Tharanga, W U"
3824,"Theron, J"
3749,"Thirimanne, H D R L"
3718,"Thomas, D C"
1740,"Thomas, J G"
4822,"Thomas, O R"
3652,"Thompson, E P"
3540,"Thompson, G J"
2051,"Thompson, P I C"
4237,"Thompson, S R"
1744,"Thomson, A L"
1745,"Thomson, J R"
1748,"Thomson, S A"
1750,"Thorpe, G P"
3089,"Thuraisingam, S"
3126,"Thushara, T"
2913,"Tikolo, L O"
2914,"Tikolo, S O"
1752,"Tillakaratne, H P"
4314,"Tiripano, D T"
2915,"Tissera, M H"
1754,"Titmus, F J"
3530,"Tiwary, M K"
3833,"Tiwary, S S"
1755,"Tolchard, R W"
3717,"Tonge, G C"
1757,"Toohey, P M"
4479,"Topley, R J W"
1762,"Traicos, A J"
3772,"Tredwell, J C"
4594,"Tremain, C P"
3282,"Tremlett, C T"
2228,"Trescothick, M E"
2916,"Trimble, G S"
3693,"Trott, I J L"
3511,"Trott, R J"
3124,"Troughton, J O"
1772,"Troup, G B"
3477,"Tshabalala, T"
3641,"Tsotsobe, L L"
3375,"Tucker, J J"
4586,"Tucker, L J"
3577,"Tucker, T E"
2917,"Tuckett, C M"
2155,"Tudor, A J"
2219,"Tuffey, D R"
1781,"Tufnell, P C R"
1783,"Turner, A"
4648,"Turner, A J"
1785,"Turner, G M"
2998,Tushar Imran
2038,"Twose, R G"
3743,"Tyagi, S"
4383,"Tye, A J"
2918,"Udal, S D"
3699,"Udana, I"
3544,"Udawatte, M L"
4452,Umair Ali
3721,Umar Akmal
3793,Umar Amin
3100,Umar Gul
3838,"Unadkat, J D"
1798,"Underwood, D L"
2170,"Upashantha, K E A"
4342,"Ura, T P"
4300,Usman Ghani
3753,Usman Limbada
4496,Usman Mushtaq
3862,Usman Salahuddin
4253,Usman Shinwari
3355,"Uthappa, R V"
3170,"Utseya, P"
2000,"Vaas, W P U J C"
2919,"Vadher, A V"
2920,"Vaidya, P S"
4341,"Vala, A"
2921,"Valentine, J N"
3043,"van Bunge, D L S"
4817,"van der Dussen, H E"
3944,"van der Gugten, T"
3814,"van der Merwe, A"
3658,"van der Merwe, R E"
3339,"van der Wath, J J"
3050,"van Jaarsveld, M"
3636,"van Jaarsveld, V B"
4021,"van Meekeren, P A"
3445,"van Nierop, M W A"
2922,"van Noortwijk, K J"
2923,"Van Oosterom, R F"
3097,"van Rooi, B O"
3093,"van Schoor, M"
3044,"van Troost, L P"
3092,"van Vuuren, R J"
3129,"van Wyk, M N"
2924,"Van Zyl, C J P"
1808,"Vance, R H"
4474,"Vandersay, J D F"
2983,"Vandort, M G"
4353,"Vanua, N"
3422,"Varaiya, H A"
4347,"Vare, J N T"
2925,"Vaughan, J C B"
1810,"Vaughan, J T C"
2200,"Vaughan, M P"
1812,"Veletta, M R J"
1813,"Vengsarkar, D B"
1814,"Venkataraghavan, S"
1815,"Venkataramana, M"
3288,"Venugopal Rao, Y"
2926,"Vermeulen, M A"
4292,"Vesawkar, S"
2090,"Vettori, D L"
3626,"Vijay, M"
5030,"Viljoen, C"
2135,"Viljoen, D P"
3782,"Vinay Kumar, R"
4419,"Vince, J M"
2927,"Vincent, L"
1822,"Viswanath, G R"
1823,"Viswanath, S"
4012,"Vithanage, K D K"
3872,"Vitori, B V"
1824,"Vivian, G E"
3463,"Voges, A C"
2928,"Vonhagt, D M"
3910,"Wade, M S"
1832,"Wadekar, A L"
1833,"Wadsworth, K J"
3529,Wahab Riaz
2929,Wahidul Gani
2167,Wajahatullah Wasti
2249,"Walker, B G K"
3151,"Walker, M D J"
1839,"Walker, M H N"
3946,"Wallace, C D"
2123,"Wallace, P A"
2084,"Waller, A C"
3640,"Waller, M N"
2021,"Walmsley, K P"
1843,"Walsh, C A"
4956,"Walsh, H R"
1847,"Walters, K D"
3068,"Walters, R"
3713,"Walton, C A K"
2930,"Walusimbi, S"
1959,Waqar Younis
4282,Waqas Barkat
4356,Waqas Khan
4008,"Wardlaw, I"
1854,"Warnapura, B"
3467,"Warnapura, B S M"
1855,"Warnaweera, K P J"
1856,"Warne, S K"
3637,"Warner, D A"
4684,Washington Sundar
0029,Wasim Akram
0135,Wasim Bari
2931,Wasim Haider
1419,Wasim Raja
1861,"Wassan, A S"
3621,"Waters, S"
1862,"Watkin, S L"
2028,"Watkinson, M"
3737,"Watling, B J"
1867,"Watson, G D"
3399,"Watson, R R"
3017,"Watson, S R"
1870,"Watson, W"
4436,"Watt, M R J"
3425,"Watts, D F"
1872,"Waugh, M E"
1873,"Waugh, S R"
1876,"Webb, P N"
2932,"Webb, R J"
2933,"Weerakkody, A P"
4642,"Weerakkody, D S"
3956,"Weerakoon, S"
2934,"Weeraratne, K"
3516,"Welegedara, U W M B C A"
1883,"Wellham, D M"
2029,"Wells, A P"
2935,"Wells, C M"
2936,"Wells, V J"
3433,"Welsh, S R"
3812,"Wesonga, D S"
1885,"Wessels, K C"
3614,"West, R M"
3849,"Westdijk, B A"
1888,"Wettimuny, M D S"
1889,"Wettimuny, S"
2937,"Wettimuny, S R D"
3209,"Wharf, A G"
3851,"Whatham, K"
1891,"Whatmore, D F"
4520,"Wheal, B T J"
4432,"Wheeler, B M"
3472,"Whelan, R K"
1892,"Whitaker, J J"
3392,"White, A R"
1990,"White, C"
3325,"White, C L"
1893,"White, D J"
1899,"Whitney, M R"
2066,"Whittall, A R"
1987,"Whittall, G J"
4703,"Whittingham, S G"
2938,"Wickramaratne, R P A"
1902,"Wickramasinghe, G P"
1903,"Wickremasinghe, A G D"
1904,"Wiener, J M"
4228,"Wiese, D"
1907,"Wijegunawardene, K I W"
1908,"Wijesuriya, R G C"
4420,"Willey, D J"
1912,"Willey, P"
3006,"Williams, B A"
5027,"Williams, C G"
1914,"Williams, D"
2939,"Williams, H S"
4592,"Williams, K O K"
2940,"Williams, L R"
1980,"Williams, S C"
3270,"Williams, S C"
2941,"Williamson, J G"
3817,"Williamson, K S"
1917,"Willis, R G D"
2942,"Willoughby, C M"
3473,"Wilson, G C"
2943,"Wilson, J W"
2136,"Wilson, P"
2142,"Wiseman, P J"
2035,"Wishart, C B"
2944,"Wisneski, W A"
3846,"Woakes, C R"
1927,"Wood, B"
1929,"Wood, G M"
4421,"Wood, M A"
1932,"Woodcock, A J"
3841,"Woodcock, L J"
1937,"Woolley, R D"
1938,"Woolmer, R A"
4477,"Worker, G H"
4591,"Worrall, D J"
3421,"Wright, C M"
1944,"Wright, J G"
1945,"Wright, K J"
3499,"Wright, L J"
2945,"Yachad, M"
4390,"Yadav, J"
3054,"Yadav, J P"
1949,"Yadav, N S"
3786,"Yadav, U T"
1950,"Yadav, V"
1952,"Yallop, G N"
4507,Yamin Ahmadzai
1953,"Yardley, B"
3435,"Yardy, M H"
1565,Yashpal Sharma
2946,Yasir Arafat
3117,Yasir Hameed
3898,Yasir Shah
1610,Yograj Singh
3000,"Yohannan, T"
1955,"Young, B A"
2947,"Young, B E"
4328,"Young, C A"
0024,Younis Ahmed
2211,Younis Khan
2948,Yunus Badat
2949,Yuvraj Singh
4494,Zafar Gohar
2950,Zafar Iqbal
0003,Zaheer Abbas
4493,Zaheer Maqsood
2951,Zahid Ahmed
0530,Zahid Fazal
3901,Zahid Hussain
2952,Zahid Razzak
3559,Zahid Shah
4782,Zahir Khan
2078,Zahoor Elahi
4632,Zahoor Khan
3568,Zain Abbas
2953,Zakir Hasan
4984,Zakir Hossain
0934,Zakir Khan
3949,Zakiullah Zaki
3714,Zameer Zahir
4527,"Zampa, A"
4461,Zeeshan Maqsood
3964,Zeeshan Siddiqi
2954,"Zesers, A K"
3619,"Zhuwawo, C"
3966,Ziaur Rahman
1964,"Zoehrer, T J"
3063,"Zondeki, M"
4730,"Zondo, K"
2095,"Zoysa, D N T"
2955,"Zuiderent, B"
2956,Zulfiqar Ali
4226,Zulfiqar Babar
3701,Zulqarnain Haider
1966,Zulquarnain
